gamedevice	brain_in_gear.so
gamedevice	fight_the_landlord.so
gamedevice	funky_monkey_2.so
gamedevice	g_boxxi_template.so
gamedevice	g_field_goal.so
gamedevice	g_little_shop_road_trip.so
gamedevice	g_mystery_phraze_hd.so
gamedevice	g_phillies_hottest_phunt.so
gamedevice	g_space_farmer.so
gamedevice	g_spin_card_holdem.so
gamedevice	g_trix.so
gamedevice	g_word_dojo_2.so
gamedevice	g_zombie_cats.so
gamedevice	jackpot_corner.so
gamedevice	launcher.so
gamedevice	little_shop_of_treasures.so
gamedevice	megatouch_memory.so
gamedevice	photo_hunt_hd.so
gamedevice	stunt_squirrel.so
gamedevice	text_twist2.so
gamedevice	touchdown_poker.so
gamedevice	tug_of_words.so
legacy	airhockey.so
legacy	avalanche_jack.so
legacy	battle31.so
legacy	battlegroup.so
legacy	beer_pong_challenge.so
legacy	bgammon.so
legacy	bigroller.so
legacy	bowling.so
legacy	boxdrop.so
legacy	boxing.so
legacy	boxxi.so
legacy	boxxi2.so
legacy	brain_in_gear_hm.so
legacy	brainquest.so
legacy	breakout.so
legacy	brickbreaker.so
legacy	browser.so
legacy	cardbandits.so
legacy	castlebandits.so
legacy	cell_chaos.so
legacy	celookout.so
legacy	cepixmix.so
legacy	chboxxi.so
legacy	checkerz.so
legacy	chess.so
legacy	chlookout.so
legacy	chpixmix.so
legacy	chug21.so
legacy	chug_monkey.so
legacy	coco_loco.so
legacy	comboxxi.so
legacy	conquest.so
legacy	deflection.so
legacy	dodge_bull.so
legacy	dominoes.so
legacy	draggle.so
legacy	eboxxi.so
legacy	elevenball.so
legacy	elevenup.so
legacy	elookout.so
legacy	ephunt_new.so
legacy	euchre.so
legacy	feedingfrosty.so
legacy	fight_the_landlord_hm.so
legacy	fourplay.so
legacy	funkymonkey.so
legacy	g_hunks_card_bandits.so
legacy	g_hunks_super_boxxi.so
legacy	g_panty_bandits.so
legacy	g_penthouse_castle_bandits.so
legacy	g_penthouse_super_boxxi.so
legacy	ginrummy.so
legacy	goal.so
legacy	golf.so
legacy	h2hgenderbender.so
legacy	hearts.so
legacy	hollywood_match.so
legacy	hoopjones.so
legacy	htmysteryphraze.so
legacy	htquizshow.so
legacy	ink_rally.so
legacy	jackpot_corner_hm.so
legacy	kid_phunt.so
legacy	kids_color.so
legacy	locboxxi.so
legacy	lookout.so
legacy	lucky_elevens.so
legacy	magiccharms.so
legacy	meritthon.so
legacy	meteorshower.so
legacy	minigolf.so
legacy	minigolfatw.so
legacy	minigolfspace.so
legacy	monstermadness.so
legacy	moondrop.so
legacy	motormatch.so
legacy	my_ex.so
legacy	mysteryphraze.so
legacy	network_ui.so
legacy	new_pile_on.so
legacy	nine.so
legacy	nineball.so
legacy	office_bash.so
legacy	opsetup.so
legacy	outlaw_poker.so
legacy	pack_rabbit.so
legacy	peboxxi.so
legacy	pelookout.so
legacy	pephunt_new.so
legacy	pepixmix.so
legacy	photo_hunt_hd_hm.so
legacy	phphunt_new.so
legacy	phunt_new.so
legacy	pixmix.so
legacy	pomboxxi.so
legacy	pool.so
legacy	powertrivia.so
legacy	psh2htrivia.so
legacy	psmysteryphraze.so
legacy	psolitaire.so
legacy	puckshot.so
legacy	qbzone.so
legacy	qshot.so
legacy	quickcell.so
legacy	quikmatch.so
legacy	quizshow_new.so
legacy	racepoker.so
legacy	reversetriv.so
legacy	rowelink_ui.so
legacy	royal.so
legacy	run21.so
legacy	safari.so
legacy	sixstars.so
legacy	snapshot.so
legacy	snubble.so
legacy	solitaire.so
legacy	spades.so
legacy	spider_kings.so
legacy	spotmatch.so
legacy	stairs.so
legacy	strippoker.so
legacy	sudoku.so
legacy	switcheroo.so
legacy	symbolstairs.so
legacy	symboltritowers.so
legacy	taiplay_new.so
legacy	take2_new.so
legacy	tennis.so
legacy	texasholdem.so
legacy	tic_tac_trivia.so
legacy	tricky_fish.so
legacy	tritowers.so
legacy	trivia.so
legacy	ttunes.so
legacy	tug_of_words_hm.so
legacy	tuxedo_run.so
legacy	volumecontrol.so
legacy	wild8.so
legacy	wildapes.so
legacy	worddojo.so
legacy	wordzap.so
legacy	zenword.so
legacy	zip21.so
merit3d	VideoSales.so
merit3d	beer_pong.so
merit3d	chainz2.so
merit3d	idle.so
merit3d	luxor.so
merit3d	luxor2.so
merit3d	monkeybusiness.so
merit3d	racing.so
merit3d	shooter.so
merit3d	snake.so
merit3d	stickerbook.so
merit3d	triviawhiz2.so
merit3d	triviawhizjr.so
