GREAT SOLITAIRE	G_SOLITAIRE	GAME_ACTIVE
RUN21	G_RUN21	GAME_ACTIVE
ROYAL FLASH	G_ROYAL	GAME_ACTIVE
TRIVIA WHIZ	G_TRIVIA	GAME_ACTIVE
TRI-TOWERS	G_TRITOWERS	GAME_ACTIVE
FOURPLAY	G_FOURPLAY	GAME_ACTIVE
CONQUEST	G_CONQUEST	GAME_ACTIVE
STRIP CLUB	G_STRIP	GAME_ACTIVE
ELEVEN UP	G_11UP	GAME_ACTIVE
MYST. PHRAZE	G_MYST	GAME_ACTIVE
HOOP JONES	G_BBALL	GAME_ACTIVE
ZIP21	G_ZIP21	GAME_ACTIVE
CHECKERZ	G_CHECKERZ	GAME_ACTIVE
QUIK MATCH	G_QMATCH	GAME_ACTIVE
PWR SOLITAIRE	G_PSOLITAIRE	GAME_ACTIVE
QUICKCELL	G_QUIKCELL	GAME_ACTIVE
TAI-PLAY	G_SHANGHAI	GAME_ACTIVE
GOLF	G_GOLF	GAME_ACTIVE
TENNIS	G_TENNIS	GAME_ACTIVE
PUCK SHOT	G_TTSHBOARD	GAME_ACTIVE
TAKE 2	G_TAKE2	GAME_ACTIVE
TRI-CASTLES	G_STRITOWERS	GAME_ACTIVE
ELEVEN BALL	G_S11UP	GAME_ACTIVE
CHUG21	G_SRUN21	GAME_ACTIVE
POWER TRIVIA	G_NEWTRIV	GAME_ACTIVE
SNAPSHOT	G_PMEM	GAME_ACTIVE
LOOK OUT	G_LOUT	GAME_ACTIVE
MONSTER MADNESS	G_MMASH	GAME_ACTIVE
GOOOAL	G_SOCCER	GAME_ACTIVE
AIR SHOT	G_AIRHOCKEY	GAME_ACTIVE
PHARAOHS NINE	G_NINE	GAME_ACTIVE
WILD 8S	G_WILD8	GAME_ACTIVE
QB ZONE	G_FOOTBALL	GAME_ACTIVE
WILD APES	G_WILDAPE	GAME_ACTIVE
WORD SAFARI	G_SAFARI	GAME_ACTIVE
OUTER SPADES	G_SPADES	GAME_ACTIVE
CRAZY HEARTS	G_HEARTS	GAME_ACTIVE
BOXXI	G_BOXXI	GAME_ACTIVE
FOXY BOXXI	G_EBOXXI	GAME_ACTIVE
MOONDROP	G_MOONDROP	GAME_ACTIVE
EUCHRE NIGHTS	G_EUCHRE	GAME_ACTIVE
BATTLE 31	G_31	GAME_ACTIVE
BACK JAMMIN	G_BACKJAMMIN	GAME_ACTIVE
QUIK CHESS	G_CHESS	GAME_ACTIVE
GENDER BENDER	G_GENDERBENDER	GAME_ACTIVE
BOWLING	G_BOWLING	GAME_ACTIVE
QUIZ SHOW HT	G_HTQUIZ	GAME_ACTIVE
EROTIC MYST. PHRAZE	G_EMYST	GAME_ACTIVE
EROTIC PHOTOHUNT	G_EPHUNT	GAME_ACTIVE
EROTIC LOOK OUT	G_ELOUT	GAME_ACTIVE
EROTIC TRIVIA	G_ETRIVIA	GAME_ACTIVE
EROTIC POWER TRIVIA	G_ENEWTRIV	GAME_ACTIVE
SUPER SNUBBEL	G_TRIPLES2	GAME_ACTIVE
MYST. PHRAZE HT	G_HTMYST	GAME_ACTIVE
WORDSTER	G_WORDZAP	GAME_ACTIVE
QSHOT	G_QSHOT	GAME_ACTIVE
MAGIC CHARMS	G_MAGICCHARMS	GAME_ACTIVE
BIGTIME ROLLER	G_BIGTIMEROLLER	GAME_ACTIVE
CARD BANDITS	G_CARDBANDITS	GAME_ACTIVE
TRIVIA TREASURE	G_REVERSETRIV	GAME_ACTIVE
GINRUMMY	G_GINRUMMY	GAME_ACTIVE
CASTLE BANDITS	G_CASTLEBANDITS	GAME_ACTIVE
WORD DOJO	G_WORDDOJO	GAME_ACTIVE
RACK EM	G_POOL	GAME_ACTIVE
DOMINO 5	G_DOMINOES	GAME_ACTIVE
BATTLE COMMAND	G_BATTLEGROUP	GAME_ACTIVE
PENTHOUSE EROTIC LOOKOUT	G_PREM_ELOUT	GAME_ACTIVE
PENTHOUSE BOXXI	G_PREM_EBOXXI	GAME_ACTIVE
POM BOXXI	G_POM_BOXXI	GAME_ACTIVE
FUNKY MONKEY	G_FUNKYMONKEY	GAME_ACTIVE
PHARAOHS FORTUNE	G_PHARAOHSFORTUNE	GAME_ACTIVE
TMAXX MERIT-THON	G_TMAXXMERITHON	GAME_INACTIVE
MONKEY BASH	G_MONKEYBUSINESS	GAME_ACTIVE
TRITOWERS TRILOGY	G_TRILOGYMERITHON	GAME_ACTIVE
BREAKIN BRICKS	G_BRICK	GAME_ACTIVE
SUDOKU6	G_SUDOKU	GAME_ACTIVE
DRAGGLE DROP	G_DRAGGLE	GAME_ACTIVE
LUXOR	G_LUXOR	GAME_ACTIVE
CHUG MONKEY	G_CHUG_MONKEY	GAME_ACTIVE
OFFICE BASH	G_OFFICE_BASH	GAME_ACTIVE
KIDS KOLORTIME	G_KIDS_COLOR	GAME_ACTIVE
MEGATOUCH SWITCHEROO	G_SWITCHEROO	GAME_ACTIVE
KIDS PHOTO HUNT	G_PHUNT_KIDS	GAME_ACTIVE
CARD RAIDERS	G_CARDRAIDERS	GAME_ACTIVE
CRYPT RAIDERS	G_CRYPTRAIDERS	GAME_ACTIVE
TIC TAC TRIVIA	G_TICTACTRIVIA	GAME_ACTIVE
METEOR SHOWER	G_METEORSHOWER	GAME_ACTIVE
VINCI-BALL	G_BREAKOUT	GAME_ACTIVE
RACK EM 9 BAL	G_9BALL	GAME_ACTIVE
RACE POKER	G_RACEPOKER	GAME_ACTIVE
BOX DROP	G_BOXDROP	GAME_ACTIVE
MOTOR MATCH	G_MOTORMATCH	GAME_ACTIVE
MEGATOUCH MINI-GOLF	G_MINIGOLF	GAME_ACTIVE
PREM EROTIC PIXMIX	G_PREM_EPIXMIX	GAME_ACTIVE
EROTIC CARD BANDITS	G_EROT_CARDBANDITS	GAME_ACTIVE
EROTIC CASTLE BANDITS	G_EROT_CASTLEBANDITS	GAME_ACTIVE
TOUCHTUNES	G_TTUNES	GAME_INACTIVE
HOLLYWOOD MATCH	G_HOLLYWOOD_MATCH	GAME_ACTIVE
FEEDING FROSTY	G_FEEDINGFRENZY	GAME_ACTIVE
STICKER BOOK	G_STICKERBOOK	GAME_ACTIVE
BRAIN QUEST	G_BRAINQUEST	GAME_ACTIVE
AMILINK	G_ROWELINK	GAME_INACTIVE
COCO LOCO	G_COCO_LOCO	GAME_ACTIVE
ZENWORD	G_ZENWORD	GAME_ACTIVE
PHOTO POP	G_SPOT_MATCH	GAME_ACTIVE
DODGE BULL	G_DODGE_BULL	GAME_ACTIVE
OUTLAW POKER	G_OUTLAW_POKER	GAME_ACTIVE
CATTLE DRIVE	G_SYMBOL_OUTLAW_POKER	GAME_ACTIVE
CARD PIRATES	G_NEW_PILEON	GAME_ACTIVE
TEXAS HOLD EM	G_TEXAS_HOLD_EM_4	GAME_ACTIVE
BEER PONG	G_BEER_PONG	GAME_ACTIVE
BEER PONG 21	G_BEER_PONG_CHALLENGE	GAME_ACTIVE
CHAINZ 2	G_CHAINZ2	GAME_ACTIVE
LUXOR 2	G_LUXOR2	GAME_ACTIVE
INK RALLY	G_INK_RALLY	GAME_ACTIVE
TRICKY FISH	G_TRICKY_FISH	GAME_ACTIVE
JOLLY PIRATES	G_JOLLY_PIRATES	GAME_ACTIVE
KIDS PHOTO POP	G_KIDS_PHOTOPOP	GAME_ACTIVE
PH PHOTO POP	G_PENTHOUSE_PHOTOPOP	GAME_ACTIVE
LUXOR SURVIVAL	G_LUXOR_SURVIVAL	GAME_ACTIVE
TRPL CRN BOXING	G_BOXING	GAME_ACTIVE
SUP CELL CHAOS	G_CELL_CHAOS	GAME_ACTIVE
CHAINZ 2 PUZZLER	G_CHAINZ2_PUZZLE	GAME_ACTIVE
LUCKY ELEVENS	G_LUCKY_ELEVENS	GAME_ACTIVE
SPIDER KINGS	G_SPIDER_KINGS	GAME_ACTIVE
13 SPIDERS	G_13_SPIDERS	GAME_ACTIVE
AVALANCHE JACK	G_AVALANCHE_JACK	GAME_ACTIVE
SUPER BOXXI	G_SUPER_BOXXI	GAME_ACTIVE
DEFLECTION	G_DEFLECTION	GAME_ACTIVE
MY EX	G_MY_EX	GAME_ACTIVE
TRIVIA WHIZ 2	G_TRIVIA_WHIZ_2	GAME_ACTIVE
BRAIN IN GEAR	G_BRAIN_IN_GEAR	GAME_ACTIVE
TUG OF WORDS	G_TUG_OF_WORDS	GAME_ACTIVE
LITTLE SHOP	G_LITTLE_SHOP_OF_TREASURES	GAME_ACTIVE
FIGHT THE LANDLORD	G_FIGHT_THE_LANDLORD	GAME_ACTIVE
PHOTO HUNT HD	G_PHOTO_HUNT_HD	GAME_ACTIVE
JACKPOT CORNER	G_JACKPOT_CORNER	GAME_ACTIVE
FUNKIER MONKEY	G_FUNKY_MONKEY_2	GAME_ACTIVE
TEXT TWIST 2	G_TEXT_TWIST2	GAME_ACTIVE
TOUCHDOWN POKER	G_TOUCHDOWN_POKER	GAME_ACTIVE
STUNT SQUIRREL	G_STUNT_SQUIRREL	GAME_ACTIVE
PHILLIES HOTTEST PHUNT HD	G_PHILLIES_HOTTEST_PHUNT_HD	GAME_ACTIVE
PHILLIES HOTTEST PHUNT 4x3	G_PHILLIES_HOTTEST_PHUNT_4x3	GAME_ACTIVE
FIELD GOAL	G_FIELD_GOAL	GAME_ACTIVE
MEGATOUCH MEMORY	G_MEGATOUCH_MEMORY	GAME_ACTIVE
TRIX	G_TRIX	GAME_ACTIVE
PH CASTLE BANDITS	G_PENTHOUSE_CASTLE_BANDITS	GAME_ACTIVE
LITTLE SHOP ROAD TRIP	G_LITTLE_SHOP_ROAD_TRIP	GAME_ACTIVE
MYSTERY PHRAZE HD	G_MYSTERY_PHRAZE_HD	GAME_ACTIVE
SPIN CARD HOLDEM	G_SPIN_CARD_HOLDEM	GAME_ACTIVE
SPACE FARMER	G_SPACE_FARMER	GAME_ACTIVE
PENTHOUSE PHOTOHUNT HD	G_PENTHOUSE_PHOTOHUNT_HD	GAME_ACTIVE
PH SUPER BOXXI	G_PENTHOUSE_SUPER_BOXXI	GAME_ACTIVE
ZOMBIE CATS	G_ZOMBIE_CATS	GAME_ACTIVE
PANTY BANDITS	G_PANTY_BANDITS	GAME_ACTIVE
BOXXI BLITZ	G_BOXXI_TEMPLATE	GAME_ACTIVE
WORD DOJO 2	G_WORD_DOJO_2	GAME_ACTIVE
TRIVIA WHIZ JR	G_TRIVIA_WHIZ_JR	GAME_ACTIVE
WORDY BIRDS	G_WORDY_BIRDS	GAME_ACTIVE
MONSTER MADNESS 2	G_MONSTER_MADNESS	GAME_ACTIVE
DINO WHIZ	G_DINO_TRIVIA	GAME_ACTIVE
PLAY 4	G_PLAY_4_CROSS	GAME_ACTIVE
ROCK MAHJONG	G_ROCK_MAHJONG	GAME_ACTIVE
PHUNT EXP 1	G_HIDDEN_OBJECT_1	GAME_ACTIVE
PHUNT EXP 2	G_HIDDEN_OBJECT_2	GAME_ACTIVE
PIT CREW PAIR EM	G_PIT_CREW_PAIREM	GAME_ACTIVE
SUPER RUN 21	G_RUN21_HD	GAME_ACTIVE
MYSTICAL STRIKE	G_MYSTICAL_STRIKE	GAME_ACTIVE
FLICK CITY ROLLERS	G_SB_CLONE	GAME_ACTIVE
MONKEY BASH WORLD TOUR	G_ANGRY_BASH	GAME_ACTIVE
BOXXI 2	G_BOXXI_HD	GAME_ACTIVE
MONSTER MADNESS CHAOS	G_MONSTER_MADNESS_CHAOS	GAME_ACTIVE
FLICK CITY SLUGGERS	G_BASEBALL	GAME_ACTIVE
SUPER BOXXI HUNKS	G_HUNKS_SUPER_BOXXI	GAME_ACTIVE
PHOTO HUNT HUNKS	G_HUNKS_PHOTO_HUNT	GAME_ACTIVE
CARD BANDITS HUNKS	G_HUNKS_CARD_BANDITS	GAME_ACTIVE
PHUNT GRIMM FAIRY TALES	G_GRIMM_PHOTO_HUNT	GAME_ACTIVE
BOTTLE TOP DROP	G_BOTTLE_TOP_DROP	GAME_ACTIVE
PHOTO HUNT EXPEDITION 3	G_HIDDEN_OBJECT_3	GAME_ACTIVE
FINAL TABLE 5 DICE POKER	G_FINAL_TABLE_DICE_POKER	GAME_ACTIVE
CLOCKER SOLITAIRE	G_CLOCKER_SOLITAIRE	GAME_ACTIVE
MILKY WAY MINI GOLF	G_MILKY_WAY_MULLIGAN	GAME_ACTIVE
CARDBOARD CHAOS ZOMBIE EDITION	G_CARDBOARD_CHAOS_ZOMBIE	GAME_ACTIVE
ICE RIFT	G_ICE_RIFT	GAME_ACTIVE
TRI TOWERS 2	G_TRI_TOWERS_2	GAME_ACTIVE
AIR GUARDIAN ESCAPE	G_AIR_GUARDIAN_ESCAPE	GAME_ACTIVE
HUNKS 5 DICE POKER	G_HUNKS_DICE_POKER	GAME_ACTIVE
PENTHOUSE 5 DICE POKER	G_PENTHOUSE_DICE_POKER	GAME_ACTIVE
FINAL TABLE BLACK JACK	G_FINAL_TABLE_BLACK_JACK	GAME_ACTIVE
CLOSE THE CLOCK	G_CLOSE_THE_CLOCK	GAME_ACTIVE
TRI-CASTLES 2	G_TRI_CASTLES_2	GAME_ACTIVE
ShowTenders Online	G_SHOW_TENDERS_ONLINE	GAME_INACTIVE
Fantasy Sports (Live)	G_FANTASYSPORTS	GAME_INACTIVE
Ad Category Ad	G_AD_CATEGORY	GAME_INACTIVE
